Metric,Value
Accuracy,0.9203080276835006
Precision,0.9554625157244784
Recall,0.8817159516867972
F1 Score,0.917109095601519
