Metric,Value
Accuracy,0.877697236080711
Precision,0.92419236051673
Recall,0.8228929435430273
F1 Score,0.8706058830423063
